{"cameraMode":{"drawMode":0,"name":"Shaded","section":"Shading Mode"},"sceneLighting":false,"audioPlay":false,"sceneViewState":{"showFog":true,"showMaterialUpdate":false,"showSkybox":true,"showFlares":true,"showImageEffects":true,"showParticleSystems":true},"in2DMode":false,"pivot":{"x":0.0,"y":0.5003324151039124,"z":-0.9997722506523132},"rotation":{"x":0.14113971590995789,"y":0.8507845401763916,"z":-0.28886309266090395,"w":0.415696382522583},"size":5.238283634185791,"orthographic":false}