{"cameraMode":{"drawMode":0,"name":"Shaded","section":"Shading Mode"},"sceneLighting":false,"audioPlay":false,"sceneViewState":{"showFog":true,"showMaterialUpdate":false,"showSkybox":true,"showFlares":true,"showImageEffects":true,"showParticleSystems":true},"in2DMode":false,"pivot":{"x":0.08311176300048828,"y":0.41231709718704226,"z":0.13153576850891114},"rotation":{"x":-0.0521533377468586,"y":0.9348019957542419,"z":-0.1545221209526062,"w":-0.31551265716552737},"size":3.457883358001709,"orthographic":false}