{"cameraMode":{"drawMode":0,"name":"Shaded","section":"Shading Mode"},"sceneLighting":false,"audioPlay":false,"sceneViewState":{"showFog":true,"showMaterialUpdate":false,"showSkybox":true,"showFlares":true,"showImageEffects":true,"showParticleSystems":true},"in2DMode":false,"pivot":{"x":0.3702303171157837,"y":0.9252727031707764,"z":0.5024361610412598},"rotation":{"x":0.19695943593978883,"y":-0.025861600413918496,"z":0.005197735037654638,"w":0.9800567030906677},"size":2.9208288192749025,"orthographic":false}