{"cameraMode":{"drawMode":0,"name":"Shaded","section":"Shading Mode"},"sceneLighting":false,"audioPlay":false,"sceneViewState":{"showFog":true,"showMaterialUpdate":false,"showSkybox":true,"showFlares":true,"showImageEffects":true,"showParticleSystems":true},"in2DMode":false,"pivot":{"x":0.08855628967285156,"y":0.9350385665893555,"z":-0.7205318808555603},"rotation":{"x":-0.12700065970420838,"y":0.7495275735855103,"z":-0.15062466263771058,"w":-0.6319742798805237},"size":4.672868251800537,"orthographic":false}