{"cameraMode":{"drawMode":0,"name":"Shaded","section":"Shading Mode"},"sceneLighting":true,"audioPlay":false,"sceneViewState":{"showFog":true,"showMaterialUpdate":false,"showSkybox":true,"showFlares":true,"showImageEffects":true,"showParticleSystems":true},"in2DMode":false,"pivot":{"x":0.2923097610473633,"y":2.5524356365203859,"z":-2.857675552368164},"rotation":{"x":-0.007965467870235443,"y":0.9807142019271851,"z":0.04091043025255203,"w":0.19095198810100556},"size":3.580662250518799,"orthographic":false}